<?xml version="1.0"?>
<ObjDef xmlns="http://www.sonicretro.org" Name="Pole" Image="img1">
  <Images>
    <ImageFromMappings id="img1">
      <ArtFile filename="../artnem/LZ Breakable Pole.bin"/>
      <MapFile type="ASM" filename="../_maps/Pole that Breaks.asm" frame="0" startpal="2"/>
    </ImageFromMappings>
  </Images>
  <Properties>
    <BitsProperty name="Delay" displayname="Delay (Seconds)" type="int" startbit="0" length="8" />
  </Properties>
  <Display>
    <DisplayOption>
      <ImageRef image="img1" />
    </DisplayOption>
  </Display>
</ObjDef>